[{"fields":[{"id":"0","type":"name","label":"Name","format":"simple","description":"","required":"1","size":"large","simple_placeholder":"","simple_default":"","first_placeholder":"","first_default":"","middle_placeholder":"","middle_default":"","last_placeholder":"","last_default":"","css":""},{"id":"1","type":"email","label":"Email","description":"","required":"1","size":"large","placeholder":"","confirmation_placeholder":"","default_value":"","filter_type":"","allowlist":"","denylist":"","css":""},{"id":"2","type":"textarea","label":"Comment or Message","description":"","required":"1","size":"medium","placeholder":"","limit_count":"1","limit_mode":"characters","default_value":"","css":""}],"id":"2934","field_id":3,"settings":{"form_title":"Contact page form","form_desc":"","submit_text":"Submit","submit_text_processing":"Sending...","antispam":"1","form_class":"","submit_class":"","ajax_submit":"1","notifications":{"1":{"email":"{admin_email}","subject":"New Entry: Contact page form","sender_name":"Coaching Pro","sender_address":"{admin_email}","replyto":"{field_id=\"1\"}","message":"{all_fields}"}},"confirmations":{"1":{"type":"message","message":"<p>Thanks! This is just a test form, so your response has not been submitted.\u00a0<\/p>","message_scroll":"1","page":"2619","redirect":""}}},"meta":{"template":"4dbf022985a4fe4bda4a80365011a3a0"}},{"fields":{"1":{"id":"1","type":"name","label":"Name","format":"simple","description":"","required":"1","size":"large","simple_placeholder":"Your Name","simple_default":"","first_placeholder":"","first_default":"","middle_placeholder":"","middle_default":"","last_placeholder":"","last_default":"","css":"wpforms-one-half wpforms-first","label_hide":"1","sublabel_hide":"1"},"2":{"id":"2","type":"email","label":"Email","description":"","required":"1","size":"large","placeholder":"Your Email","confirmation_placeholder":"","default_value":"","filter_type":"","allowlist":"","denylist":"","css":"wpforms-one-half","label_hide":"1","sublabel_hide":"1"}},"id":"2921","field_id":3,"settings":{"form_title":"Newsletter Signup Form","form_desc":"","submit_text":"Submit","submit_text_processing":"Sending...","antispam":"1","form_class":"","submit_class":"white","ajax_submit":"1","notifications":{"1":{"email":"{admin_email}","subject":"New Entry: Newsletter Signup Form","sender_name":"Coaching Pro","sender_address":"{admin_email}","replyto":"{field_id=\"2\"}","message":"{all_fields}"}},"confirmations":{"1":{"type":"message","message":"<p>Thanks! This is just a test form, you have not subscribed to any newsletters.<\/p>","message_scroll":"1","page":"2619","redirect":""}}},"meta":{"template":"4bf2a29bffb74b5530d89949041b535d"}},{"fields":[{"id":"0","type":"name","label":"Name","format":"simple","description":"","required":"1","size":"large","simple_placeholder":"Your Name","simple_default":"","first_placeholder":"","first_default":"","middle_placeholder":"","middle_default":"","last_placeholder":"","last_default":"","css":"","label_hide":"1","sublabel_hide":"1"},{"id":"1","type":"email","label":"Email","description":"","required":"1","size":"large","placeholder":"Your Email Address","confirmation_placeholder":"","default_value":"","filter_type":"","allowlist":"","denylist":"","css":"","label_hide":"1","sublabel_hide":"1"},{"id":"2","type":"textarea","label":"Message","description":"","required":"1","size":"medium","placeholder":"Your Message","limit_count":"1","limit_mode":"characters","default_value":"","css":"","label_hide":"1"}],"id":"2919","field_id":3,"settings":{"form_title":"Footer Contact form","form_desc":"","submit_text":"Submit","submit_text_processing":"Sending...","antispam":"1","form_class":"","submit_class":"","ajax_submit":"1","notifications":{"1":{"email":"{admin_email}","subject":"Coaching Pro - Footer Contact: {field_id=\"0\"}","sender_name":"Coaching Pro","sender_address":"{admin_email}","replyto":"{field_id=\"1\"}","message":"{all_fields}"}},"confirmations":{"1":{"type":"message","message":"<p>Thanks! This is just a test form, your response has not been submitted.<\/p>","message_scroll":"1","page":"2619","redirect":""}}},"meta":{"template":"4dbf022985a4fe4bda4a80365011a3a0"}}]